name,area,food,takeout,url
オーガニックゲストハウス&カフェ OHANA,しまなみ（大島・伯方島・大三島・関前）,喫茶・カフェ,あり,https://imabari-pcoupon.jp/kamei/?id=1
Osteria erie,立花・鳥生・富田,洋食・レストラン,あり,https://imabari-pcoupon.jp/kamei/?id=2
Country  Time 〜カントリータイム〜,しまなみ（大島・伯方島・大三島・関前）,喫茶・カフェ,あり,https://imabari-pcoupon.jp/kamei/?id=3
旅館茶梅(お食事処茶梅),しまなみ（大島・伯方島・大三島・関前）,和食・鍋,あり,https://imabari-pcoupon.jp/kamei/?id=4
キッチンほっとベア,波止浜・波方・大西,居酒屋・バー,あり,https://imabari-pcoupon.jp/kamei/?id=5
笹,美須賀・城東,和食・鍋,あり,https://imabari-pcoupon.jp/kamei/?id=7
魚常梅が花,しまなみ（大島・伯方島・大三島・関前）,和食・鍋,あり,https://imabari-pcoupon.jp/kamei/?id=8
Paysan,しまなみ（大島・伯方島・大三島・関前）,喫茶・カフェ,あり,https://imabari-pcoupon.jp/kamei/?id=9
ピザハウスふじい　中浜店,美須賀・城東,洋食・レストラン,あり,https://imabari-pcoupon.jp/kamei/?id=10
居酒屋がらじ,美須賀・城東,居酒屋・バー,あり,https://imabari-pcoupon.jp/kamei/?id=11
農家リストランテVe.G.I,しまなみ（大島・伯方島・大三島・関前）,洋食・レストラン,なし,https://imabari-pcoupon.jp/kamei/?id=12
居酒屋DINING味守屋,立花・鳥生・富田,居酒屋・バー,なし,https://imabari-pcoupon.jp/kamei/?id=13
ふぐ料理　小幸,美須賀・城東,和食・鍋,あり,https://imabari-pcoupon.jp/kamei/?id=14
割烹青井,立花・鳥生・富田,和食・鍋,あり,https://imabari-pcoupon.jp/kamei/?id=15
こっこ家,常盤・日吉,居酒屋・バー,あり,https://imabari-pcoupon.jp/kamei/?id=16
Bar風,常盤・日吉,居酒屋・バー,あり,https://imabari-pcoupon.jp/kamei/?id=17
お好み焼　鉄板焼　風,しまなみ（大島・伯方島・大三島・関前）,焼肉・鉄板料理,あり,https://imabari-pcoupon.jp/kamei/?id=18
お酒と料理　こんどう,常盤・日吉,居酒屋・バー,なし,https://imabari-pcoupon.jp/kamei/?id=19
うずしお,しまなみ（大島・伯方島・大三島・関前）,和食・鍋,あり,https://imabari-pcoupon.jp/kamei/?id=20
漁師ダイニングアンカー,美須賀・城東,居酒屋・バー,あり,https://imabari-pcoupon.jp/kamei/?id=21
得得うどん大西店,波止浜・波方・大西,和食・鍋,あり,https://imabari-pcoupon.jp/kamei/?id=22
串かつ晴(はる),立花・鳥生・富田,居酒屋・バー,あり,https://imabari-pcoupon.jp/kamei/?id=23
cafe vibo,桜井・国分・朝倉,喫茶・カフェ,あり,https://imabari-pcoupon.jp/kamei/?id=25
カレーハウスCoCo壱番屋今治日吉店,常盤・日吉,ファストフード・その他,あり,https://imabari-pcoupon.jp/kamei/?id=26
レストラン・ミロ,立花・鳥生・富田,洋食・レストラン,なし,https://imabari-pcoupon.jp/kamei/?id=27
カレーハウスCoCo壱番屋今治喜田村店,立花・鳥生・富田,ファストフード・その他,あり,https://imabari-pcoupon.jp/kamei/?id=28
そば正,立花・鳥生・富田,和食・鍋,あり,https://imabari-pcoupon.jp/kamei/?id=29
滋味居酒屋　陣,常盤・日吉,居酒屋・バー,あり,https://imabari-pcoupon.jp/kamei/?id=30
やきにくの蔵今治店,立花・鳥生・富田,焼肉・鉄板料理,あり,https://imabari-pcoupon.jp/kamei/?id=31
Dejavu,美須賀・城東,居酒屋・バー,なし,https://imabari-pcoupon.jp/kamei/?id=32
割烹　京楽,美須賀・城東,和食・鍋,あり,https://imabari-pcoupon.jp/kamei/?id=33
炭火焼鳥　とりっこ今治店,常盤・日吉,居酒屋・バー,あり,https://imabari-pcoupon.jp/kamei/?id=34
タオル美術館ミュージアムカフェ,桜井・国分・朝倉,喫茶・カフェ,あり,https://imabari-pcoupon.jp/kamei/?id=35
タオル美術館ガーデンカフェ,桜井・国分・朝倉,喫茶・カフェ,なし,https://imabari-pcoupon.jp/kamei/?id=36
タオル美術館レストラン王府井,桜井・国分・朝倉,中華料理,あり,https://imabari-pcoupon.jp/kamei/?id=37
酒味工房つかさ,清水・日高・乃万,居酒屋・バー,あり,https://imabari-pcoupon.jp/kamei/?id=38
四季の味　はな亭,常盤・日吉,和食・鍋,あり,https://imabari-pcoupon.jp/kamei/?id=39
カフェレスト　　PITON,桜井・国分・朝倉,洋食・レストラン,あり,https://imabari-pcoupon.jp/kamei/?id=40
iccyo,立花・鳥生・富田,居酒屋・バー,あり,https://imabari-pcoupon.jp/kamei/?id=41
麺食堂とまと,美須賀・城東,ファストフード・その他,あり,https://imabari-pcoupon.jp/kamei/?id=42
魚菜燻吟　あき山,常盤・日吉,居酒屋・バー,あり,https://imabari-pcoupon.jp/kamei/?id=43
puffee,常盤・日吉,喫茶・カフェ,あり,https://imabari-pcoupon.jp/kamei/?id=44
声聞,常盤・日吉,居酒屋・バー,あり,https://imabari-pcoupon.jp/kamei/?id=45
モアヤマダ,常盤・日吉,喫茶・カフェ,あり,https://imabari-pcoupon.jp/kamei/?id=46
アルベーロ,常盤・日吉,洋食・レストラン,あり,https://imabari-pcoupon.jp/kamei/?id=47
カフェティファニー,立花・鳥生・富田,喫茶・カフェ,あり,https://imabari-pcoupon.jp/kamei/?id=48
やきとり　山鳥,常盤・日吉,居酒屋・バー,なし,https://imabari-pcoupon.jp/kamei/?id=49
まるとみ,常盤・日吉,居酒屋・バー,あり,https://imabari-pcoupon.jp/kamei/?id=50
庖厨　めい,立花・鳥生・富田,和食・鍋,あり,https://imabari-pcoupon.jp/kamei/?id=51
銀美月,常盤・日吉,居酒屋・バー,あり,https://imabari-pcoupon.jp/kamei/?id=52
たけざき,美須賀・城東,居酒屋・バー,なし,https://imabari-pcoupon.jp/kamei/?id=54
とり雅,波止浜・波方・大西,居酒屋・バー,あり,https://imabari-pcoupon.jp/kamei/?id=55
信州そば久保田,立花・鳥生・富田,和食・鍋,あり,https://imabari-pcoupon.jp/kamei/?id=56
珈琲道場,常盤・日吉,喫茶・カフェ,あり,https://imabari-pcoupon.jp/kamei/?id=57
白楽天　今治本店,常盤・日吉,中華料理,あり,https://imabari-pcoupon.jp/kamei/?id=58
欧風イタリア食堂グラッチャーノ,清水・日高・乃万,洋食・レストラン,あり,https://imabari-pcoupon.jp/kamei/?id=59
しまなみフレンチ　Filer,しまなみ（大島・伯方島・大三島・関前）,洋食・レストラン,なし,https://imabari-pcoupon.jp/kamei/?id=60
もりもとや,美須賀・城東,和食・鍋,あり,https://imabari-pcoupon.jp/kamei/?id=61
お好み焼きさくら,しまなみ（大島・伯方島・大三島・関前）,焼肉・鉄板料理,あり,https://imabari-pcoupon.jp/kamei/?id=62
焼肉千草,しまなみ（大島・伯方島・大三島・関前）,焼肉・鉄板料理,あり,https://imabari-pcoupon.jp/kamei/?id=63
らーめん工房りょう花今治店,常盤・日吉,ファストフード・その他,あり,https://imabari-pcoupon.jp/kamei/?id=64
Red Pepper's Club とんがらし,常盤・日吉,居酒屋・バー,あり,https://imabari-pcoupon.jp/kamei/?id=65
お好み焼　たんぽぽ,しまなみ（大島・伯方島・大三島・関前）,ファストフード・その他,あり,https://imabari-pcoupon.jp/kamei/?id=66
ぎやまん亭,立花・鳥生・富田,中華料理,あり,https://imabari-pcoupon.jp/kamei/?id=67
居酒屋和楽,常盤・日吉,居酒屋・バー,あり,https://imabari-pcoupon.jp/kamei/?id=68
炉満亭,美須賀・城東,居酒屋・バー,あり,https://imabari-pcoupon.jp/kamei/?id=69
若味鳥,波止浜・波方・大西,居酒屋・バー,あり,https://imabari-pcoupon.jp/kamei/?id=70
カフェ　アンフィル,しまなみ（大島・伯方島・大三島・関前）,洋食・レストラン,あり,https://imabari-pcoupon.jp/kamei/?id=71
コスタメサ,常盤・日吉,喫茶・カフェ,あり,https://imabari-pcoupon.jp/kamei/?id=72
中華料理　福龍,立花・鳥生・富田,中華料理,あり,https://imabari-pcoupon.jp/kamei/?id=73
大三島ブリュワリー,しまなみ（大島・伯方島・大三島・関前）,ファストフード・その他,あり,https://imabari-pcoupon.jp/kamei/?id=74
和心料理無垢,美須賀・城東,和食・鍋,あり,https://imabari-pcoupon.jp/kamei/?id=75
八将,菊間・玉川,和食・鍋,あり,https://imabari-pcoupon.jp/kamei/?id=77
ラーメン　なる,清水・日高・乃万,中華料理,あり,https://imabari-pcoupon.jp/kamei/?id=78
咖喱屋CAFEエポック,菊間・玉川,喫茶・カフェ,あり,https://imabari-pcoupon.jp/kamei/?id=79
わんず,常盤・日吉,居酒屋・バー,なし,https://imabari-pcoupon.jp/kamei/?id=80
湯ノ浦温泉　四季の湯ビア工房,桜井・国分・朝倉,洋食・レストラン,あり,https://imabari-pcoupon.jp/kamei/?id=81
MOTSUNABEYA つぼ吉,美須賀・城東,居酒屋・バー,あり,https://imabari-pcoupon.jp/kamei/?id=82
焼き鳥の店 世渡,美須賀・城東,焼肉・鉄板料理,あり,https://imabari-pcoupon.jp/kamei/?id=83
和風食彩　たわら,清水・日高・乃万,和食・鍋,あり,https://imabari-pcoupon.jp/kamei/?id=84
こきんや,美須賀・城東,和食・鍋,あり,https://imabari-pcoupon.jp/kamei/?id=85
いちりき,桜井・国分・朝倉,和食・鍋,あり,https://imabari-pcoupon.jp/kamei/?id=86
海宿千年松,しまなみ（大島・伯方島・大三島・関前）,和食・鍋,なし,https://imabari-pcoupon.jp/kamei/?id=87
cafebarSenho,常盤・日吉,居酒屋・バー,なし,https://imabari-pcoupon.jp/kamei/?id=88
千倉,常盤・日吉,居酒屋・バー,あり,https://imabari-pcoupon.jp/kamei/?id=89
天馬,常盤・日吉,居酒屋・バー,なし,https://imabari-pcoupon.jp/kamei/?id=90
ファミリーパーク志満,桜井・国分・朝倉,和食・鍋,あり,https://imabari-pcoupon.jp/kamei/?id=91
旬風　とうま,美須賀・城東,和食・鍋,あり,https://imabari-pcoupon.jp/kamei/?id=92
焼酎ダイニング子子子,常盤・日吉,居酒屋・バー,なし,https://imabari-pcoupon.jp/kamei/?id=93
旬彩酒房 わらじ,立花・鳥生・富田,居酒屋・バー,あり,https://imabari-pcoupon.jp/kamei/?id=94
得得　今治店,美須賀・城東,ファストフード・その他,あり,https://imabari-pcoupon.jp/kamei/?id=95
歌舞伎寿司,美須賀・城東,和食・鍋,あり,https://imabari-pcoupon.jp/kamei/?id=96
炭火焼き鳥の店ういち,常盤・日吉,居酒屋・バー,あり,https://imabari-pcoupon.jp/kamei/?id=97
来島海峡サービスエリア　OLAOLAカフェ,波止浜・波方・大西,喫茶・カフェ,あり,https://imabari-pcoupon.jp/kamei/?id=98
JiBaカフェ能島,しまなみ（大島・伯方島・大三島・関前）,喫茶・カフェ,あり,https://imabari-pcoupon.jp/kamei/?id=99
しまなみ風のレストラン,波止浜・波方・大西,洋食・レストラン,あり,https://imabari-pcoupon.jp/kamei/?id=100
中華料理　榕城,立花・鳥生・富田,中華料理,あり,https://imabari-pcoupon.jp/kamei/?id=101
ボヌール　ブッソール　3373,近見・別宮,洋食・レストラン,あり,https://imabari-pcoupon.jp/kamei/?id=102
割烹ゆき,常盤・日吉,和食・鍋,なし,https://imabari-pcoupon.jp/kamei/?id=103
季節料理福扇,清水・日高・乃万,和食・鍋,あり,https://imabari-pcoupon.jp/kamei/?id=104
福ろう,常盤・日吉,居酒屋・バー,あり,https://imabari-pcoupon.jp/kamei/?id=105
喫茶モードリン,美須賀・城東,喫茶・カフェ,あり,https://imabari-pcoupon.jp/kamei/?id=106
居酒屋のら,立花・鳥生・富田,居酒屋・バー,あり,https://imabari-pcoupon.jp/kamei/?id=107
からたち,立花・鳥生・富田,居酒屋・バー,なし,https://imabari-pcoupon.jp/kamei/?id=108
コリアタウン,立花・鳥生・富田,ファストフード・その他,あり,https://imabari-pcoupon.jp/kamei/?id=109
中国料理　白龍,立花・鳥生・富田,中華料理,あり,https://imabari-pcoupon.jp/kamei/?id=110
道の駅今治市多々羅しまなみ公園,しまなみ（大島・伯方島・大三島・関前）,和食・鍋,なし,https://imabari-pcoupon.jp/kamei/?id=111
CHANCE,常盤・日吉,居酒屋・バー,あり,https://imabari-pcoupon.jp/kamei/?id=112
スナック桃山,美須賀・城東,居酒屋・バー,なし,https://imabari-pcoupon.jp/kamei/?id=113
レストラン シャン・ドーレ,常盤・日吉,洋食・レストラン,あり,https://imabari-pcoupon.jp/kamei/?id=116
炭火やきとり　鳥や　やきとり物語　今治中央店,常盤・日吉,居酒屋・バー,あり,https://imabari-pcoupon.jp/kamei/?id=117
道の駅よしうみいきいき館,しまなみ（大島・伯方島・大三島・関前）,和食・鍋,なし,https://imabari-pcoupon.jp/kamei/?id=118
焼肉　大栄,常盤・日吉,焼肉・鉄板料理,あり,https://imabari-pcoupon.jp/kamei/?id=119
泰平,美須賀・城東,居酒屋・バー,なし,https://imabari-pcoupon.jp/kamei/?id=120
焼肉遊山,立花・鳥生・富田,焼肉・鉄板料理,あり,https://imabari-pcoupon.jp/kamei/?id=121
道の駅伯方S・Cパーク　マリンオアシスはかた,しまなみ（大島・伯方島・大三島・関前）,和食・鍋,なし,https://imabari-pcoupon.jp/kamei/?id=122
石のカフェ,しまなみ（大島・伯方島・大三島・関前）,喫茶・カフェ,なし,https://imabari-pcoupon.jp/kamei/?id=123
ホルモン料理　呉本屋,立花・鳥生・富田,焼肉・鉄板料理,あり,https://imabari-pcoupon.jp/kamei/?id=124
BISTRO himaru,清水・日高・乃万,洋食・レストラン,あり,https://imabari-pcoupon.jp/kamei/?id=125
喜船,しまなみ（大島・伯方島・大三島・関前）,和食・鍋,あり,https://imabari-pcoupon.jp/kamei/?id=126
みなとや,しまなみ（大島・伯方島・大三島・関前）,和食・鍋,あり,https://imabari-pcoupon.jp/kamei/?id=127
居酒屋　食工房　秀,立花・鳥生・富田,居酒屋・バー,あり,https://imabari-pcoupon.jp/kamei/?id=128
炉端焼き　酒仙,美須賀・城東,居酒屋・バー,あり,https://imabari-pcoupon.jp/kamei/?id=129
天ぷら武蔵,常盤・日吉,和食・鍋,なし,https://imabari-pcoupon.jp/kamei/?id=130
寿屋,常盤・日吉,和食・鍋,あり,https://imabari-pcoupon.jp/kamei/?id=131
がんば食堂今治店,立花・鳥生・富田,ファストフード・その他,あり,https://imabari-pcoupon.jp/kamei/?id=132
いまむらお好み焼,美須賀・城東,焼肉・鉄板料理,あり,https://imabari-pcoupon.jp/kamei/?id=133
リスペクト,近見・別宮,居酒屋・バー,あり,https://imabari-pcoupon.jp/kamei/?id=134
旬彩いまむら,美須賀・城東,和食・鍋,あり,https://imabari-pcoupon.jp/kamei/?id=135
麵小町今治店,常盤・日吉,中華料理,あり,https://imabari-pcoupon.jp/kamei/?id=136
コーヒーレスト珈里葡,しまなみ（大島・伯方島・大三島・関前）,洋食・レストラン,あり,https://imabari-pcoupon.jp/kamei/?id=137
もがみ今治店,立花・鳥生・富田,焼肉・鉄板料理,あり,https://imabari-pcoupon.jp/kamei/?id=138
中華料理　龍鳳,波止浜・波方・大西,中華料理,あり,https://imabari-pcoupon.jp/kamei/?id=140
割烹瀨戸,美須賀・城東,和食・鍋,あり,https://imabari-pcoupon.jp/kamei/?id=141
コーヒーハウス　リビング,立花・鳥生・富田,喫茶・カフェ,なし,https://imabari-pcoupon.jp/kamei/?id=142
南蛮亭,美須賀・城東,居酒屋・バー,なし,https://imabari-pcoupon.jp/kamei/?id=143
喜多寿し,しまなみ（大島・伯方島・大三島・関前）,和食・鍋,あり,https://imabari-pcoupon.jp/kamei/?id=144
ますや旅館/オーベルジュ,波止浜・波方・大西,洋食・レストラン,なし,https://imabari-pcoupon.jp/kamei/?id=145
I,美須賀・城東,居酒屋・バー,なし,https://imabari-pcoupon.jp/kamei/?id=146
のり武,立花・鳥生・富田,和食・鍋,あり,https://imabari-pcoupon.jp/kamei/?id=147
はがくれ,立花・鳥生・富田,喫茶・カフェ,あり,https://imabari-pcoupon.jp/kamei/?id=148
キッチンエム,立花・鳥生・富田,洋食・レストラン,あり,https://imabari-pcoupon.jp/kamei/?id=149
やきとり笑栄,波止浜・波方・大西,居酒屋・バー,あり,https://imabari-pcoupon.jp/kamei/?id=150
ファリーナフレスカ,清水・日高・乃万,洋食・レストラン,あり,https://imabari-pcoupon.jp/kamei/?id=151
中華桃仙楼,立花・鳥生・富田,中華料理,あり,https://imabari-pcoupon.jp/kamei/?id=152
牛角　今治旭町店,常盤・日吉,焼肉・鉄板料理,あり,https://imabari-pcoupon.jp/kamei/?id=153
五右衛門,近見・別宮,ファストフード・その他,あり,https://imabari-pcoupon.jp/kamei/?id=154
千年の宴　今治東口駅前店,常盤・日吉,居酒屋・バー,あり,https://imabari-pcoupon.jp/kamei/?id=155
美賀登,菊間・玉川,和食・鍋,なし,https://imabari-pcoupon.jp/kamei/?id=156
GRACE FACTORY,美須賀・城東,喫茶・カフェ,あり,https://imabari-pcoupon.jp/kamei/?id=157
GLOW,常盤・日吉,居酒屋・バー,なし,https://imabari-pcoupon.jp/kamei/?id=158
喫茶三昌,波止浜・波方・大西,喫茶・カフェ,あり,https://imabari-pcoupon.jp/kamei/?id=159
和食どんと今治店,立花・鳥生・富田,和食・鍋,あり,https://imabari-pcoupon.jp/kamei/?id=160
居酒屋　是食,美須賀・城東,居酒屋・バー,あり,https://imabari-pcoupon.jp/kamei/?id=161
焼肉じゃんじゃか今治店,立花・鳥生・富田,焼肉・鉄板料理,なし,https://imabari-pcoupon.jp/kamei/?id=162
揚子江,立花・鳥生・富田,中華料理,あり,https://imabari-pcoupon.jp/kamei/?id=163
やまびこうどん本店,桜井・国分・朝倉,和食・鍋,あり,https://imabari-pcoupon.jp/kamei/?id=165
焼き肉　じゅうじゅう苑,常盤・日吉,焼肉・鉄板料理,あり,https://imabari-pcoupon.jp/kamei/?id=167
景虎,美須賀・城東,居酒屋・バー,あり,https://imabari-pcoupon.jp/kamei/?id=168
大浜,近見・別宮,和食・鍋,あり,https://imabari-pcoupon.jp/kamei/?id=169
ナマステ食堂　ワールドプラザ店,桜井・国分・朝倉,洋食・レストラン,あり,https://imabari-pcoupon.jp/kamei/?id=170
ナマステ食堂　フジグラン今治店,美須賀・城東,洋食・レストラン,あり,https://imabari-pcoupon.jp/kamei/?id=171
おかわり,波止浜・波方・大西,居酒屋・バー,あり,https://imabari-pcoupon.jp/kamei/?id=172
カラオケ　J,常盤・日吉,喫茶・カフェ,あり,https://imabari-pcoupon.jp/kamei/?id=173
WAKKA,しまなみ（大島・伯方島・大三島・関前）,喫茶・カフェ,あり,https://imabari-pcoupon.jp/kamei/?id=174
魚河岸ごはん,清水・日高・乃万,和食・鍋,あり,https://imabari-pcoupon.jp/kamei/?id=175
瀬戸の坊ったん,清水・日高・乃万,居酒屋・バー,あり,https://imabari-pcoupon.jp/kamei/?id=176
展望レストラン　ア・クア,桜井・国分・朝倉,洋食・レストラン,あり,https://imabari-pcoupon.jp/kamei/?id=177
やまびこうどん玉川店,菊間・玉川,和食・鍋,あり,https://imabari-pcoupon.jp/kamei/?id=178
焼肉ほるもん牛雅,美須賀・城東,焼肉・鉄板料理,あり,https://imabari-pcoupon.jp/kamei/?id=179
ホテル菊水今治レストラン部門,美須賀・城東,和食・鍋,あり,https://imabari-pcoupon.jp/kamei/?id=180
ひつじ家,清水・日高・乃万,焼肉・鉄板料理,あり,https://imabari-pcoupon.jp/kamei/?id=181
TOYOKI,近見・別宮,喫茶・カフェ,あり,https://imabari-pcoupon.jp/kamei/?id=182
居酒屋tsugumi,常盤・日吉,居酒屋・バー,あり,https://imabari-pcoupon.jp/kamei/?id=183
貴船寿司,波止浜・波方・大西,和食・鍋,あり,https://imabari-pcoupon.jp/kamei/?id=184
利鳳園　中寺店,清水・日高・乃万,焼肉・鉄板料理,あり,https://imabari-pcoupon.jp/kamei/?id=186
今治国際ホテル　宴会場,美須賀・城東,ファストフード・その他,あり,https://imabari-pcoupon.jp/kamei/?id=187
料理旅館せと(食事処),しまなみ（大島・伯方島・大三島・関前）,和食・鍋,あり,https://imabari-pcoupon.jp/kamei/?id=188
ふうらい,美須賀・城東,居酒屋・バー,あり,https://imabari-pcoupon.jp/kamei/?id=189
ふうふう亭,立花・鳥生・富田,焼肉・鉄板料理,あり,https://imabari-pcoupon.jp/kamei/?id=190
BB Pizza & Garden,桜井・国分・朝倉,ファストフード・その他,あり,https://imabari-pcoupon.jp/kamei/?id=191
ガスト今治東店,立花・鳥生・富田,洋食・レストラン,あり,https://imabari-pcoupon.jp/kamei/?id=192
ガスト今治西店,常盤・日吉,洋食・レストラン,あり,https://imabari-pcoupon.jp/kamei/?id=193
お好み焼　小次郎,美須賀・城東,焼肉・鉄板料理,あり,https://imabari-pcoupon.jp/kamei/?id=194
Ristorante So,常盤・日吉,洋食・レストラン,あり,https://imabari-pcoupon.jp/kamei/?id=195
きつねのぼたん,しまなみ（大島・伯方島・大三島・関前）,居酒屋・バー,あり,https://imabari-pcoupon.jp/kamei/?id=196
福寿園,常盤・日吉,中華料理,あり,https://imabari-pcoupon.jp/kamei/?id=197
赤から今治阿方店,清水・日高・乃万,居酒屋・バー,あり,https://imabari-pcoupon.jp/kamei/?id=198
今治国際ホテル　伊予路,美須賀・城東,和食・鍋,あり,https://imabari-pcoupon.jp/kamei/?id=199
今治国際ホテル　La Sail,美須賀・城東,洋食・レストラン,あり,https://imabari-pcoupon.jp/kamei/?id=200
今治国際ホテル　GARDEN,美須賀・城東,喫茶・カフェ,なし,https://imabari-pcoupon.jp/kamei/?id=201
今治国際ホテル　龍宮,美須賀・城東,中華料理,あり,https://imabari-pcoupon.jp/kamei/?id=202
今治国際ホテル　欅,美須賀・城東,焼肉・鉄板料理,あり,https://imabari-pcoupon.jp/kamei/?id=203
今治国際ホテル　TOPHAT,美須賀・城東,居酒屋・バー,なし,https://imabari-pcoupon.jp/kamei/?id=204
ROKUSAN,美須賀・城東,居酒屋・バー,あり,https://imabari-pcoupon.jp/kamei/?id=205
彩菜食堂,清水・日高・乃万,和食・鍋,あり,https://imabari-pcoupon.jp/kamei/?id=206
ゆめ鳥,清水・日高・乃万,居酒屋・バー,あり,https://imabari-pcoupon.jp/kamei/?id=207
御食事処居酒屋ひあさ,常盤・日吉,居酒屋・バー,あり,https://imabari-pcoupon.jp/kamei/?id=208
居酒屋割烹音羽,常盤・日吉,居酒屋・バー,あり,https://imabari-pcoupon.jp/kamei/?id=209
ダイニングカフェ　OBANYA,立花・鳥生・富田,喫茶・カフェ,あり,https://imabari-pcoupon.jp/kamei/?id=210
ミスタードーナツフジグラン今治ショップ,立花・鳥生・富田,喫茶・カフェ,あり,https://imabari-pcoupon.jp/kamei/?id=211
中華料理　翔龍,常盤・日吉,中華料理,あり,https://imabari-pcoupon.jp/kamei/?id=212
寺町もりもとや,美須賀・城東,ファストフード・その他,あり,https://imabari-pcoupon.jp/kamei/?id=213
くろしお,しまなみ（大島・伯方島・大三島・関前）,和食・鍋,あり,https://imabari-pcoupon.jp/kamei/?id=215
八勝亭玉川店,菊間・玉川,焼肉・鉄板料理,あり,https://imabari-pcoupon.jp/kamei/?id=216
今治国際ホテル　ラウンジ23,美須賀・城東,洋食・レストラン,なし,https://imabari-pcoupon.jp/kamei/?id=217
みいと亭,しまなみ（大島・伯方島・大三島・関前）,焼肉・鉄板料理,あり,https://imabari-pcoupon.jp/kamei/?id=218
一心太助寿し,常盤・日吉,和食・鍋,あり,https://imabari-pcoupon.jp/kamei/?id=219
KUNEL KITCHEN,波止浜・波方・大西,洋食・レストラン,あり,https://imabari-pcoupon.jp/kamei/?id=220
おふざけ,常盤・日吉,居酒屋・バー,あり,https://imabari-pcoupon.jp/kamei/?id=221
Bistoro paysan,しまなみ（大島・伯方島・大三島・関前）,居酒屋・バー,なし,https://imabari-pcoupon.jp/kamei/?id=222
馳走家とり壱,立花・鳥生・富田,居酒屋・バー,あり,https://imabari-pcoupon.jp/kamei/?id=223
RAMO,常盤・日吉,洋食・レストラン,なし,https://imabari-pcoupon.jp/kamei/?id=224
八勝亭今治店,常盤・日吉,洋食・レストラン,あり,https://imabari-pcoupon.jp/kamei/?id=225
八勝亭波止浜店,波止浜・波方・大西,洋食・レストラン,あり,https://imabari-pcoupon.jp/kamei/?id=226
三日月,立花・鳥生・富田,和食・鍋,あり,https://imabari-pcoupon.jp/kamei/?id=227
利鳳園,波止浜・波方・大西,焼肉・鉄板料理,あり,https://imabari-pcoupon.jp/kamei/?id=228
竹の里,清水・日高・乃万,和食・鍋,あり,https://imabari-pcoupon.jp/kamei/?id=229
二葉　本店,常盤・日吉,ファストフード・その他,あり,https://imabari-pcoupon.jp/kamei/?id=230
二葉　今治駅店,常盤・日吉,和食・鍋,あり,https://imabari-pcoupon.jp/kamei/?id=231
中華居酒屋りん,常盤・日吉,中華料理,あり,https://imabari-pcoupon.jp/kamei/?id=232
ホテル・割烹　海舟亭,美須賀・城東,和食・鍋,なし,https://imabari-pcoupon.jp/kamei/?id=233
おばんざい久,常盤・日吉,居酒屋・バー,なし,https://imabari-pcoupon.jp/kamei/?id=234
Suerte,近見・別宮,喫茶・カフェ,あり,https://imabari-pcoupon.jp/kamei/?id=235
Busy Bee,美須賀・城東,喫茶・カフェ,あり,https://imabari-pcoupon.jp/kamei/?id=236
居酒屋心ろく,常盤・日吉,居酒屋・バー,あり,https://imabari-pcoupon.jp/kamei/?id=237
中華料理　福臨,立花・鳥生・富田,中華料理,あり,https://imabari-pcoupon.jp/kamei/?id=239
中華料理　生香楼,近見・別宮,中華料理,あり,https://imabari-pcoupon.jp/kamei/?id=240
自然良味　ゆらり,桜井・国分・朝倉,喫茶・カフェ,あり,https://imabari-pcoupon.jp/kamei/?id=241
うなぎや,桜井・国分・朝倉,和食・鍋,あり,https://imabari-pcoupon.jp/kamei/?id=242
根岸寿司,美須賀・城東,和食・鍋,あり,https://imabari-pcoupon.jp/kamei/?id=243
城下まち,美須賀・城東,和食・鍋,あり,https://imabari-pcoupon.jp/kamei/?id=244
美太に,美須賀・城東,和食・鍋,なし,https://imabari-pcoupon.jp/kamei/?id=245
アーリーブルーメル上徳店,立花・鳥生・富田,喫茶・カフェ,あり,https://imabari-pcoupon.jp/kamei/?id=246
海鮮居酒屋 羽倉,波止浜・波方・大西,居酒屋・バー,あり,https://imabari-pcoupon.jp/kamei/?id=247
アーリーブルーメル旭町店,常盤・日吉,喫茶・カフェ,あり,https://imabari-pcoupon.jp/kamei/?id=248
そば元,近見・別宮,ファストフード・その他,あり,https://imabari-pcoupon.jp/kamei/?id=249
大阪王将今治喜田村店,立花・鳥生・富田,中華料理,あり,https://imabari-pcoupon.jp/kamei/?id=250
中華料理　聚香楼,立花・鳥生・富田,中華料理,あり,https://imabari-pcoupon.jp/kamei/?id=251
うたしの里　石川,しまなみ（大島・伯方島・大三島・関前）,和食・鍋,なし,https://imabari-pcoupon.jp/kamei/?id=252
焼肉味楽,近見・別宮,焼肉・鉄板料理,あり,https://imabari-pcoupon.jp/kamei/?id=253
蔵福,美須賀・城東,喫茶・カフェ,あり,https://imabari-pcoupon.jp/kamei/?id=254
中華そば  千  KAZU,常盤・日吉,ファストフード・その他,あり,https://imabari-pcoupon.jp/kamei/?id=255
ダイニングバーなでしこ,近見・別宮,居酒屋・バー,あり,https://imabari-pcoupon.jp/kamei/?id=256
みのり,立花・鳥生・富田,居酒屋・バー,なし,https://imabari-pcoupon.jp/kamei/?id=257
宴会・仕出し・民宿なぎさ,しまなみ（大島・伯方島・大三島・関前）,和食・鍋,あり,https://imabari-pcoupon.jp/kamei/?id=258
焼肉　髙麗,常盤・日吉,焼肉・鉄板料理,あり,https://imabari-pcoupon.jp/kamei/?id=259
駅前ホルモン,常盤・日吉,焼肉・鉄板料理,あり,https://imabari-pcoupon.jp/kamei/?id=260
久留米ラーメン光屋,常盤・日吉,ファストフード・その他,あり,https://imabari-pcoupon.jp/kamei/?id=261
アブリヤ阿部商店,美須賀・城東,焼肉・鉄板料理,なし,https://imabari-pcoupon.jp/kamei/?id=262
平翁,近見・別宮,和食・鍋,なし,https://imabari-pcoupon.jp/kamei/?id=263
お好み焼き　味三,常盤・日吉,焼肉・鉄板料理,あり,https://imabari-pcoupon.jp/kamei/?id=264
紅月,清水・日高・乃万,和食・鍋,あり,https://imabari-pcoupon.jp/kamei/?id=265
五味鳥,常盤・日吉,居酒屋・バー,なし,https://imabari-pcoupon.jp/kamei/?id=266
休暇村瀬戸内東予,桜井・国分・朝倉,和食・鍋,なし,https://imabari-pcoupon.jp/kamei/?id=267
ミルキーウェイ,常盤・日吉,喫茶・カフェ,あり,https://imabari-pcoupon.jp/kamei/?id=268
頼登,美須賀・城東,居酒屋・バー,あり,https://imabari-pcoupon.jp/kamei/?id=269
富士見園,しまなみ（大島・伯方島・大三島・関前）,和食・鍋,あり,https://imabari-pcoupon.jp/kamei/?id=270
Pizzeria Austro,波止浜・波方・大西,洋食・レストラン,あり,https://imabari-pcoupon.jp/kamei/?id=271
CAFE LUNCH MUM,菊間・玉川,喫茶・カフェ,あり,https://imabari-pcoupon.jp/kamei/?id=272
cafe　つきしろ,しまなみ（大島・伯方島・大三島・関前）,喫茶・カフェ,あり,https://imabari-pcoupon.jp/kamei/?id=273
翔 (北宝来店),常盤・日吉,居酒屋・バー,あり,https://imabari-pcoupon.jp/kamei/?id=274
チャイナダイニング彩鳳,立花・鳥生・富田,中華料理,あり,https://imabari-pcoupon.jp/kamei/?id=275
寿司　割烹　なわぶね,常盤・日吉,和食・鍋,あり,https://imabari-pcoupon.jp/kamei/?id=276
くれもと大西店,波止浜・波方・大西,焼肉・鉄板料理,あり,https://imabari-pcoupon.jp/kamei/?id=277
Le puy,美須賀・城東,居酒屋・バー,あり,https://imabari-pcoupon.jp/kamei/?id=278
ひねもす,立花・鳥生・富田,喫茶・カフェ,なし,https://imabari-pcoupon.jp/kamei/?id=279
季節料理藏膳,美須賀・城東,和食・鍋,あり,https://imabari-pcoupon.jp/kamei/?id=280
漁亭,近見・別宮,居酒屋・バー,あり,https://imabari-pcoupon.jp/kamei/?id=281
レストランよし川,しまなみ（大島・伯方島・大三島・関前）,洋食・レストラン,あり,https://imabari-pcoupon.jp/kamei/?id=282
さわき,しまなみ（大島・伯方島・大三島・関前）,和食・鍋,なし,https://imabari-pcoupon.jp/kamei/?id=283
ViVi,美須賀・城東,居酒屋・バー,なし,https://imabari-pcoupon.jp/kamei/?id=284
TenZo & 典座,しまなみ（大島・伯方島・大三島・関前）,洋食・レストラン,なし,https://imabari-pcoupon.jp/kamei/?id=285
つくし食堂,常盤・日吉,和食・鍋,なし,https://imabari-pcoupon.jp/kamei/?id=287
焼肉きんぐ今治店,清水・日高・乃万,焼肉・鉄板料理,なし,https://imabari-pcoupon.jp/kamei/?id=288
シュプレーム,清水・日高・乃万,洋食・レストラン,あり,https://imabari-pcoupon.jp/kamei/?id=290
中華料理屋　蓬莱閣,立花・鳥生・富田,中華料理,あり,https://imabari-pcoupon.jp/kamei/?id=291
三代目鳥メロ　今治ドンドビ店,常盤・日吉,居酒屋・バー,あり,https://imabari-pcoupon.jp/kamei/?id=292
彩菜サイコー(SAI&Co.)カフェ,清水・日高・乃万,喫茶・カフェ,あり,https://imabari-pcoupon.jp/kamei/?id=293
彩菜サイコー(SAI&Co.)キッチン,清水・日高・乃万,洋食・レストラン,あり,https://imabari-pcoupon.jp/kamei/?id=294
丸源ラーメン今治店,清水・日高・乃万,ファストフード・その他,なし,https://imabari-pcoupon.jp/kamei/?id=295
大潮荘,波止浜・波方・大西,和食・鍋,あり,https://imabari-pcoupon.jp/kamei/?id=296
焼肉　ソウル,桜井・国分・朝倉,焼肉・鉄板料理,なし,https://imabari-pcoupon.jp/kamei/?id=297
らく屋,立花・鳥生・富田,居酒屋・バー,あり,https://imabari-pcoupon.jp/kamei/?id=298
A.CalinBell,常盤・日吉,喫茶・カフェ,あり,https://imabari-pcoupon.jp/kamei/?id=299
ワイン食堂ゴッソーヤ,常盤・日吉,居酒屋・バー,なし,https://imabari-pcoupon.jp/kamei/?id=300
トラットリアアズーリ,常盤・日吉,洋食・レストラン,あり,https://imabari-pcoupon.jp/kamei/?id=301
森見 光州園,美須賀・城東,焼肉・鉄板料理,あり,https://imabari-pcoupon.jp/kamei/?id=302
Rose,立花・鳥生・富田,居酒屋・バー,なし,https://imabari-pcoupon.jp/kamei/?id=303
Pizzeria da ISOLANI,しまなみ（大島・伯方島・大三島・関前）,洋食・レストラン,あり,https://imabari-pcoupon.jp/kamei/?id=304
すしグルメ,立花・鳥生・富田,和食・鍋,あり,https://imabari-pcoupon.jp/kamei/?id=305
ミスター・バーク今治店,立花・鳥生・富田,洋食・レストラン,あり,https://imabari-pcoupon.jp/kamei/?id=306
珈琲浪漫　パイプのけむり,美須賀・城東,喫茶・カフェ,あり,https://imabari-pcoupon.jp/kamei/?id=307
電光石火今治店,立花・鳥生・富田,焼肉・鉄板料理,あり,https://imabari-pcoupon.jp/kamei/?id=308
伊予水軍,近見・別宮,和食・鍋,あり,https://imabari-pcoupon.jp/kamei/?id=309
中国料理　錦海楼,美須賀・城東,中華料理,あり,https://imabari-pcoupon.jp/kamei/?id=310
CALULU,常盤・日吉,喫茶・カフェ,あり,https://imabari-pcoupon.jp/kamei/?id=311
さいさいきて屋　SAISAICAFE,清水・日高・乃万,喫茶・カフェ,あり,https://imabari-pcoupon.jp/kamei/?id=312
彩咲あさくら　サクラカフェ,桜井・国分・朝倉,喫茶・カフェ,あり,https://imabari-pcoupon.jp/kamei/?id=313
かっぽう白鶴,美須賀・城東,和食・鍋,あり,https://imabari-pcoupon.jp/kamei/?id=314
レストラン　デリシャス,清水・日高・乃万,洋食・レストラン,あり,https://imabari-pcoupon.jp/kamei/?id=315
まる屋,常盤・日吉,居酒屋・バー,あり,https://imabari-pcoupon.jp/kamei/?id=316
道の駅　今治湯ノ浦温泉,桜井・国分・朝倉,ファストフード・その他,あり,https://imabari-pcoupon.jp/kamei/?id=317
こがね製麺所　今治鳥生店,立花・鳥生・富田,洋食・レストラン,あり,https://imabari-pcoupon.jp/kamei/?id=318
菜めん,清水・日高・乃万,中華料理,あり,https://imabari-pcoupon.jp/kamei/?id=319
和食の店　みよし,美須賀・城東,居酒屋・バー,なし,https://imabari-pcoupon.jp/kamei/?id=320
磯海楽,常盤・日吉,居酒屋・バー,なし,https://imabari-pcoupon.jp/kamei/?id=321
しまなみ温泉 喜助の湯 島カフェ,常盤・日吉,喫茶・カフェ,なし,https://imabari-pcoupon.jp/kamei/?id=322
ステーキハウス　芹,美須賀・城東,焼肉・鉄板料理,なし,https://imabari-pcoupon.jp/kamei/?id=323
